{
  "Public Defender:M:M:W": 0.38950290443633373,
  "Public Defender:M:F:W": 0.40778947368421054,
  "Public Defender:F:M:W": 0.51425398000740463,
  "Public Defender:F:F:W": 0.50950799879263509,
  "Public Defender:M:M:P": 0.898216213437516,
  "Public Defender:M:F:P": 0.91452631578947363,
  "Public Defender:F:M:P": 0.74657534246575341,
  "Public Defender:F:F:P": 0.813160277693933,
  "Q1 Lawyer:M:M:W": 0.16243273755770302,
  "Q1 Lawyer:M:F:W": 0.11431157712967624,
  "Q1 Lawyer:F:M:W": 0.18801217818898425,
  "Q1 Lawyer:F:F:W": 0.019368488290506639,
  "Q1 Lawyer:M:M:P": 0.86193049523215992,
  "Q1 Lawyer:M:F:P": 0.83950714574224516,
  "Q1 Lawyer:F:M:P": 0.45835506021560146,
  "Q1 Lawyer:F:F:P": 0.46766817008386707,
  "Q2 Lawyer:M:M:W": 0.25523968901673966,
  "Q2 Lawyer:M:F:W": 0.2499831429713201,
  "Q2 Lawyer:F:M:W": 0.41375046913074787,
  "Q2 Lawyer:F:F:W": 0.31302526128952096,
  "Q2 Lawyer:M:M:P": 0.90705997531844806,
  "Q2 Lawyer:M:F:P": 0.9106967965489301,
  "Q2 Lawyer:F:M:P": 0.65644677043413535,
  "Q2 Lawyer:F:F:P": 0.72101375322778494,
  "Q3 Lawyer:M:M:W": 0.31697648824217139,
  "Q3 Lawyer:M:F:W": 0.34908868363689483,
  "Q3 Lawyer:F:M:W": 0.49399453835438845,
  "Q3 Lawyer:F:F:W": 0.45968827872055523,
  "Q3 Lawyer:M:M:P": 0.92694347541943833,
  "Q3 Lawyer:M:F:P": 0.94331574673620033,
  "Q3 Lawyer:F:M:P": 0.72270379769236848,
  "Q3 Lawyer:F:F:P": 0.81279502392244074,
  "Q4 Lawyer:M:M:W": 0.37961564823332328,
  "Q4 Lawyer:M:F:W": 0.43166137017168732,
  "Q4 Lawyer:F:M:W": 0.56082591605921073,
  "Q4 Lawyer:F:F:W": 0.54057354949145919,
  "Q4 Lawyer:M:M:P": 0.94458282672353833,
  "Q4 Lawyer:M:F:P": 0.98069487733119987,
  "Q4 Lawyer:F:M:P": 0.79922798002765583,
  "Q4 Lawyer:F:F:P": 0.95128992553309066,
  "Q5 Lawyer:M:M:W": 0.50602823196905855,
  "Q5 Lawyer:M:F:W": 0.57859777097919785,
  "Q5 Lawyer:F:M:W": 0.76577134454753149,
  "Q5 Lawyer:F:F:W": 0.7736057869082591,
  "Q5 Lawyer:M:M:P": 0.974193999264683,
  "Q5 Lawyer:M:F:P": 1.0,
  "Q5 Lawyer:F:M:P": 0.96378884393835829,
  "Q5 Lawyer:F:F:P": 1.0
}
