{
  "Public Defender:M:M": 0.38684690907296859,
  "Public Defender:M:F": 0.408433489509065,
  "Public Defender:F:M": 0.46858084255118854,
  "Public Defender:F:F": 0.483289124668435,
  "Q1 Lawyer:M:M": 0.17602502917251156,
  "Q1 Lawyer:M:F": 0.14117642937217478,
  "Q1 Lawyer:F:M": 0.23575855065890106,
  "Q1 Lawyer:F:F": 0.081595114466918181,
  "Q2 Lawyer:M:M": 0.26131551480813653,
  "Q2 Lawyer:M:F": 0.26416563048799896,
  "Q2 Lawyer:F:M": 0.42470876918312045,
  "Q2 Lawyer:F:F": 0.34860770702799704,
  "Q3 Lawyer:M:M": 0.32137774198099411,
  "Q3 Lawyer:M:F": 0.34969869857810376,
  "Q3 Lawyer:F:M": 0.48702040692405157,
  "Q3 Lawyer:F:F": 0.45126988294306963,
  "Q4 Lawyer:M:M": 0.38055935968746368,
  "Q4 Lawyer:M:F": 0.41949679210414476,
  "Q4 Lawyer:F:M": 0.53959810716514389,
  "Q4 Lawyer:F:F": 0.52243704057474316,
  "Q5 Lawyer:M:M": 0.48915942207522428,
  "Q5 Lawyer:M:F": 0.55008457827911161,
  "Q5 Lawyer:F:M": 0.69588142332638081,
  "Q5 Lawyer:F:F": 0.71883413573829713
}
