{
  "analytics": 
  [
    { 
      "PDW": 0.38141906696944344,
      "PDP": 0.77180192024222138,
      "Q1W": 0.18163300285915712,
      "Q1P": 0.4431356513404911,
      "Q2W": 0.27100349489831904,
      "Q2P": 0.64021999108443606,
      "Q3W": 0.32582723618463183,
      "Q3P": 0.84229986171013249,
      "Q4W": 0.38201954922369613,
      "Q4P": 0.90236616594665175,
      "Q5W": 0.49782252777182151,
      "Q5P": 0.94653400926310693
    },
    { 
      "PDW": 0.41900221911728447,
      "PDP": 0.79115640667378972,
      "Q1W": 0.12879293462726851,
      "Q1P": 0.43036660816095013,
      "Q2W": 0.2639777900848832,
      "Q2P": 0.64873936019185408,
      "Q3W": 0.34641558879179879,
      "Q3P": 0.83956648797018185,
      "Q4W": 0.42169177701677679,
      "Q4P": 0.91411302349655321,
      "Q5W": 0.57551549075736863,
      "Q5P": 0.98286748825777059
    },
    { 
      "PDW": 0.48840471292313448,
      "PDP": 0.67879184589489439,
      "Q1W": 0.162132362536713,
      "Q1P": 0.34660482158524453,
      "Q2W": 0.40613801912974751,
      "Q2P": 0.59995089792618106,
      "Q3W": 0.50087561323333418,
      "Q3P": 0.68797343140789058,
      "Q4W": 0.57898686151065815,
      "Q4P": 0.77866665899514775,
      "Q5W": 0.7892528077203,
      "Q5P": 0.94618070384656183
    },
    { 
      "PDW": 0.46890703517587939,
      "PDP": 0.73194095477386933,
      "Q1W": 0.040831073830259912,
      "Q1P": 0.32301186128394022,
      "Q2W": 0.35883707452992908,
      "Q2P": 0.64531373099715716,
      "Q3W": 0.49410054784089358,
      "Q3P": 0.76941339943934728,
      "Q4W": 0.60404798356064981,
      "Q4P": 0.92221900507478882,
      "Q5W": 0.88178751015371892,
      "Q5P": 1.0
    }
  ]
}
