{
  "Public Defender:M:M:W": 0.38141906696944344,
  "Public Defender:M:F:W": 0.41900221911728447,
  "Public Defender:F:M:W": 0.48840471292313448,
  "Public Defender:F:F:W": 0.46890703517587939,
  "Public Defender:M:M:P": 0.77180192024222138,
  "Public Defender:M:F:P": 0.79115640667378972,
  "Public Defender:F:M:P": 0.67879184589489439,
  "Public Defender:F:F:P": 0.73194095477386933,
  "Q1 Lawyer:M:M:W": 0.18163300285915712,
  "Q1 Lawyer:M:F:W": 0.12879293462726851,
  "Q1 Lawyer:F:M:W": 0.162132362536713,
  "Q1 Lawyer:F:F:W": 0.040831073830259912,
  "Q1 Lawyer:M:M:P": 0.4431356513404911,
  "Q1 Lawyer:M:F:P": 0.43036660816095013,
  "Q1 Lawyer:F:M:P": 0.34660482158524453,
  "Q1 Lawyer:F:F:P": 0.32301186128394022,
  "Q2 Lawyer:M:M:W": 0.27100349489831904,
  "Q2 Lawyer:M:F:W": 0.2639777900848832,
  "Q2 Lawyer:F:M:W": 0.40613801912974751,
  "Q2 Lawyer:F:F:W": 0.35883707452992908,
  "Q2 Lawyer:M:M:P": 0.64021999108443606,
  "Q2 Lawyer:M:F:P": 0.64873936019185408,
  "Q2 Lawyer:F:M:P": 0.59995089792618106,
  "Q2 Lawyer:F:F:P": 0.64531373099715716,
  "Q3 Lawyer:M:M:W": 0.32582723618463183,
  "Q3 Lawyer:M:F:W": 0.34641558879179879,
  "Q3 Lawyer:F:M:W": 0.50087561323333418,
  "Q3 Lawyer:F:F:W": 0.49410054784089358,
  "Q3 Lawyer:M:M:P": 0.84229986171013249,
  "Q3 Lawyer:M:F:P": 0.83956648797018185,
  "Q3 Lawyer:F:M:P": 0.68797343140789058,
  "Q3 Lawyer:F:F:P": 0.76941339943934728,
  "Q4 Lawyer:M:M:W": 0.38201954922369613,
  "Q4 Lawyer:M:F:W": 0.42169177701677679,
  "Q4 Lawyer:F:M:W": 0.57898686151065815,
  "Q4 Lawyer:F:F:W": 0.60404798356064981,
  "Q4 Lawyer:M:M:P": 0.90236616594665175,
  "Q4 Lawyer:M:F:P": 0.91411302349655321,
  "Q4 Lawyer:F:M:P": 0.77866665899514775,
  "Q4 Lawyer:F:F:P": 0.92221900507478882,
  "Q5 Lawyer:M:M:W": 0.49782252777182151,
  "Q5 Lawyer:M:F:W": 0.57551549075736863,
  "Q5 Lawyer:F:M:W": 0.7892528077203,
  "Q5 Lawyer:F:F:W": 0.88178751015371892,
  "Q5 Lawyer:M:M:P": 0.94653400926310693,
  "Q5 Lawyer:M:F:P": 0.98286748825777059,
  "Q5 Lawyer:F:M:P": 0.94618070384656183,
  "Q5 Lawyer:F:F:P": 1.0
}
