{
  "VA": {
    "ALEXANDRIA": {
      "MISDEMEANOR": {
        "MALE": {
          "WIN": {
            "PD": 0.42899808006826423,
            "Q1": 0.15570395025625397,
            "Q2": 0.2953995473481798,
            "Q3": 0.38640009001033493,
            "Q4": 0.47173816248064337,
            "Q5": 0.63850225735331945
          },
          "PLEA": {
            "PD": 0.42899808006826423,
            "Q1": 0.15570395025625397,
            "Q2": 0.2953995473481798,
            "Q3": 0.38640009001033493,
            "Q4": 0.47173816248064337,
            "Q5": 0.63850225735331945
          }
        },
        "FEMALE": {
          "WIN": {
            "PD": 0.47895791583166331,
            "Q1": 0.015067340067340066,
            "Q2": 0.2544888402842948,
            "Q3": 0.38607715528789804,
            "Q4": 0.50403447075695884,
            "Q5": 0.7891782840058702
          },
          "PLEA": {
            "PD": 0.47895791583166331,
            "Q1": 0.015067340067340066,
            "Q2": 0.2544888402842948,
            "Q3": 0.38607715528789804,
            "Q4": 0.50403447075695884,
            "Q5": 0.7891782840058702
          }
        }
      },
      "FELONY": {
        "MALE": {
          "WIN": {
            "PD": 0.42492548435171384,
            "Q1": 0.0,
            "Q2": 0.19598274485371256,
            "Q3": 0.37842643400653053,
            "Q4": 0.50436242795645769,
            "Q5": 0.78487592904109438
          },
          "PLEA": {
            "PD": 0.42492548435171384,
            "Q1": 0.0,
            "Q2": 0.19598274485371256,
            "Q3": 0.37842643400653053,
            "Q4": 0.50436242795645769,
            "Q5": 0.78487592904109438
          }
        },
        "FEMALE": {
          "WIN": {
            "PD": 0.38687782805429866,
            "Q1": 0.0,
            "Q2": 0.031815044858523114,
            "Q3": 0.38958697764391664,
            "Q4": 0.55368925029966209,
            "Q5": 0.93661145617667352
          },
          "PLEA": {
            "PD": 0.38687782805429866,
            "Q1": 0.0,
            "Q2": 0.031815044858523114,
            "Q3": 0.38958697764391664,
            "Q4": 0.55368925029966209,
            "Q5": 0.93661145617667352
          }
        }
      }
    },
    "ARLINGTON": {
      "MISDEMEANOR": {
        "MALE": {
          "WIN": {
            "PD": 0.29502655721873489,
            "Q1": 0.14820288734700271,
            "Q2": 0.28750289085095992,
            "Q3": 0.37501149273801526,
            "Q4": 0.45807290040447535,
            "Q5": 0.617253898830925
          },
          "PLEA": {
            "PD": 0.89602446483180431,
            "Q1": 0.75964983318401935,
            "Q2": 0.89946227764462694,
            "Q3": 0.93301062129138357,
            "Q4": 0.9655139303303264,
            "Q5": 1.0
          }
        },
        "FEMALE": {
          "WIN": {
            "PD": 0.39406207827260459,
            "Q1": 0.033683680636589233,
            "Q2": 0.276017888374868,
            "Q3": 0.42758595525707255,
            "Q4": 0.53582360464492673,
            "Q5": 0.82378341989329773
          },
          "PLEA": {
            "PD": 0.90013495276653166,
            "Q1": 0.65044247641501607,
            "Q2": 0.91112404016700632,
            "Q3": 0.99388703556631841,
            "Q4": 1.0,
            "Q5": 1.0
          }
        }
      },
      "FELONY": {
        "MALE": {
          "WIN": {
            "PD": 0.40164547494390429,
            "Q1": 0.0,
            "Q2": 0.19046910209480503,
            "Q3": 0.40914056375267877,
            "Q4": 0.533055727109766,
            "Q5": 0.85649759045985452
          },
          "PLEA": {
            "PD": 0.75916230366492143,
            "Q1": 0.32037963109391676,
            "Q2": 0.71579736998033372,
            "Q3": 0.83713040001848438,
            "Q4": 0.99323703507376981,
            "Q5": 1.0
          }
        },
        "FEMALE": {
          "WIN": {
            "PD": 0.34595959595959597,
            "Q1": 0.0,
            "Q2": 0.039304368471035134,
            "Q3": 0.35490684221853391,
            "Q4": 0.54245745906463561,
            "Q5": 0.91544401544401555
          },
          "PLEA": {
            "PD": 0.77272727272727271,
            "Q1": 0.29487233445566774,
            "Q2": 0.79703392829279063,
            "Q3": 0.99004391066891073,
            "Q4": 1.0,
            "Q5": 1.0
          }
        }
      }
    },
    "FAIRFAX CITY": {
      "MISDEMEANOR": {
        "MALE": {
          "WIN": {
            "PD": 0.41666666666666669,
            "Q1": 0.13994315382473277,
            "Q2": 0.22955523276666592,
            "Q3": 0.2878455278057992,
            "Q4": 0.36981195525185945,
            "Q5": 0.50688705368600673
          },
          "PLEA": {
            "PD": 0.79166666666666663,
            "Q1": 0.88137312753895547,
            "Q2": 0.93517483481907127,
            "Q3": 0.9659284376953251,
            "Q4": 1.0,
            "Q5": 1.0
          }
        },
        "FEMALE": {
          "WIN": {
            "PD": 0.5,
            "Q1": 0.0,
            "Q2": 0.16194734915797535,
            "Q3": 0.29100373482726422,
            "Q4": 0.38931708884270555,
            "Q5": 0.65724876974876978
          },
          "PLEA": {
            "PD": 0.5,
            "Q1": 0.79262108753569871,
            "Q2": 1.0,
            "Q3": 1.0,
            "Q4": 1.0,
            "Q5": 1.0
          }
        }
      },
      "FELONY": {
        "MALE": {
          "WIN": {
            "PD": 0.0,
            "Q1": 0.0,
            "Q2": 0.0,
            "Q3": 0.0,
            "Q4": 0.0,
            "Q5": 0.0
          },
          "PLEA": {
            "PD": 0.0,
            "Q1": 0.0,
            "Q2": 0.0,
            "Q3": 0.0,
            "Q4": 0.0,
            "Q5": 0.0
          }
        },
        "FEMALE": {
          "WIN": {
            "PD": 0.0,
            "Q1": 0.0,
            "Q2": 0.0,
            "Q3": 0.0,
            "Q4": 0.0,
            "Q5": 0.0
          },
          "PLEA": {
            "PD": 0.0,
            "Q1": 0.0,
            "Q2": 0.0,
            "Q3": 0.0,
            "Q4": 0.0,
            "Q5": 0.0
          }
        }
      }
    },
    "FAIRFAX COUNTY": {
      "MISDEMEANOR": {
        "MALE": {
          "WIN": {
            "PD": 0.38950290443633373,
            "Q1": 0.13082471735114451,
            "Q2": 0.24091350404764234,
            "Q3": 0.31291088950209034,
            "Q4": 0.38886359485082111,
            "Q5": 0.541394047035488
          },
          "PLEA": {
            "PD": 0.898216213437516,
            "Q1": 0.83861485398616487,
            "Q2": 0.90535667093798067,
            "Q3": 0.92974050612578474,
            "Q4": 0.95292251002820338,
            "Q5": 0.99489478700286427
          }
        },
        "FEMALE": {
          "WIN": {
            "PD": 0.40778947368421053,
            "Q1": 0.041899120083967886,
            "Q2": 0.21096139061564914,
            "Q3": 0.33139602181871836,
            "Q4": 0.43325900613849017,
            "Q5": 0.63851020768926436
          },
          "PLEA": {
            "PD": 0.91452631578947363,
            "Q1": 0.79411045725448759,
            "Q2": 0.91781174964520362,
            "Q3": 0.97039670871757244,
            "Q4": 1.0,
            "Q5": 1.0
          }
        }
      },
      "FELONY": {
        "MALE": {
          "WIN": {
            "PD": 0.51425398000740463,
            "Q1": 0.0970048230707865,
            "Q2": 0.39520927409582451,
            "Q3": 0.49319179513878414,
            "Q4": 0.57160496309363829,
            "Q5": 0.83150339226321468
          },