{
  "Q1 Police:M:M:L": 0.16427479285025434,
  "Q1 Police:M:F:L": 0.13269653631129155,
  "Q1 Police:F:M:L": 0.096631636313398328,
  "Q1 Police:F:F:L": 0.0078562546427661372,
  "Q1 Police:M:M:P": 0.29909680948140294,
  "Q1 Police:M:F:P": 0.28809477690477026,
  "Q1 Police:F:M:P": 0.24413201384406785,
  "Q1 Police:F:F:P": 0.18438322743274474,
  "Q2 Police:M:M:L": 0.26042795617998393,
  "Q2 Police:M:F:L": 0.27581232708746189,
  "Q2 Police:F:M:L": 0.35802995953766947,
  "Q2 Police:F:F:L": 0.28831411403316,
  "Q2 Police:M:M:P": 0.47178090432435477,
  "Q2 Police:M:F:P": 0.510816968890058,
  "Q2 Police:F:M:P": 0.54574380412588586,
  "Q2 Police:F:F:P": 0.56712853741816682,
  "Q3 Police:M:M:L": 0.32141015948170903,
  "Q3 Police:M:F:L": 0.36983767435405751,
  "Q3 Police:F:M:L": 0.47208894666472428,
  "Q3 Police:F:F:L": 0.46816983818430929,
  "Q3 Police:M:M:P": 0.62358761544927321,
  "Q3 Police:M:F:P": 0.66992512785336922,
  "Q3 Police:F:M:P": 0.66946727140951323,
  "Q3 Police:F:F:P": 0.74044649805991924,
  "Q4 Police:M:M:L": 0.38799562177129093,
  "Q4 Police:M:F:L": 0.46724056157178095,
  "Q4 Police:F:M:L": 0.56179560524898575,
  "Q4 Police:F:F:L": 0.60905825601245334,
  "Q4 Police:M:M:P": 0.72172962704685839,
  "Q4 Police:M:F:P": 0.76937934207722336,
  "Q4 Police:F:M:P": 0.78322283855444064,
  "Q4 Police:F:F:P": 0.92984245666842391,
  "Q5 Police:M:M:L": 0.55426589850225849,
  "Q5 Police:M:F:L": 0.6684691291160918,
  "Q5 Police:F:M:L": 0.78874279242528822,
  "Q5 Police:F:F:L": 0.911162146426005,
  "Q5 Police:M:M:P": 0.830261560167971,
  "Q5 Police:M:F:P": 0.89471440210244391,
  "Q5 Police:F:M:P": 0.96944798172139823,
  "Q5 Police:F:F:P": 1.0
}
