{
  "VA": {
    "ALEXANDRIA": {
      "MISDEMEANOR": {
        "MALE": {
          "LOSS": {
            "Q1": 0.16013918285927198,
            "Q2": 0.29885331112357849,
            "Q3": 0.37269452356382421,
            "Q4": 0.4545895445898554,
            "Q5": 0.6296010497208635
          },
          "PLEA": {
            "Q1": 0.16013918285927198,
            "Q2": 0.29885331112357849,
            "Q3": 0.37269452356382421,
            "Q4": 0.4545895445898554,
            "Q5": 0.6296010497208635
          }
        },
        "FEMALE": {
          "LOSS": {
            "Q1": 0.085741590054497732,
            "Q2": 0.30185926816503783,
            "Q3": 0.43092184934055705,
            "Q4": 0.54869063786133354,
            "Q5": 0.81250295415509766
          },
          "PLEA": {
            "Q1": 0.085741590054497732,
            "Q2": 0.30185926816503783,
            "Q3": 0.43092184934055705,
            "Q4": 0.54869063786133354,
            "Q5": 0.81250295415509766
          }
        }
      },
      "FELONY": {
        "MALE": {
          "LOSS": {
            "Q1": 0.0,
            "Q2": 0.12833311380456752,
            "Q3": 0.32387828313004657,
            "Q4": 0.45480653500315249,
            "Q5": 0.7390276124910643
          },
          "PLEA": {
            "Q1": 0.0,
            "Q2": 0.12833311380456752,
            "Q3": 0.32387828313004657,
            "Q4": 0.45480653500315249,
            "Q5": 0.7390276124910643
          }
        },
        "FEMALE": {
          "LOSS": {
            "Q1": 0.0,
            "Q2": 0.016762955182072829,
            "Q3": 0.28863182391002484,
            "Q4": 0.46418967004824196,
            "Q5": 0.78185884331717659
          },
          "PLEA": {
            "Q1": 0.0,
            "Q2": 0.016762955182072829,
            "Q3": 0.28863182391002484,
            "Q4": 0.46418967004824196,
            "Q5": 0.78185884331717659
          }
        }
      }
    },
    "ARLINGTON": {
      "MISDEMEANOR": {
        "MALE": {
          "LOSS": {
            "Q1": 0.18653538471299427,
            "Q2": 0.33423713926267778,
            "Q3": 0.40775907699062991,
            "Q4": 0.48201954905702954,
            "Q5": 0.64698683196044193
          },
          "PLEA": {
            "Q1": 0.41288190123078694,
            "Q2": 0.62920005453483763,
            "Q3": 0.71007761223886789,
            "Q4": 0.76661882546228233,
            "Q5": 0.88524845436851873
          }
        },
        "FEMALE": {
          "LOSS": {
            "Q1": 0.13549295196506578,
            "Q2": 0.38698240281710844,
            "Q3": 0.49709247627268521,
            "Q4": 0.59031929156801721,
            "Q5": 0.81984916791588192
          },
          "PLEA": {
            "Q1": 0.34575052349307855,
            "Q2": 0.64749986729092468,
            "Q3": 0.74787369823564942,
            "Q4": 0.8258208576580085,
            "Q5": 0.980754424042273
          }
        }
      },
      "FELONY": {
        "MALE": {
          "LOSS": {
            "Q1": 0.0,
            "Q2": 0.24827165998057926,
            "Q3": 0.42435659781399754,
            "Q4": 0.54797264127854384,
            "Q5": 0.89798314476316921
          },
          "PLEA": {
            "Q1": 0.26910424600831284,
            "Q2": 0.6439715892133544,
            "Q3": 0.81329641006016784,
            "Q4": 0.97937892983454733,
            "Q5": 1.0
          }
        },
        "FEMALE": {
          "LOSS": {
            "Q1": 0.0,
            "Q2": 0.1164754481702901,
            "Q3": 0.39237265992228787,
            "Q4": 0.58818885688435574,
            "Q5": 0.97913883099068277
          },
          "PLEA": {
            "Q1": 0.29311507936507958,
            "Q2": 0.7163345492724339,
            "Q3": 0.94050987292145083,
            "Q4": 1.0,
            "Q5": 1.0
          }
        }
      }
    },
    "FAIRFAX CITY": {
      "MISDEMEANOR": {
        "MALE": {
          "LOSS": {
            "Q1": 0.18826942487442311,
            "Q2": 0.25351010940130642,
            "Q3": 0.29434400164547708,
            "Q4": 0.33450512067227056,
            "Q5": 0.43508764338345168
          },
          "PLEA": {
            "Q1": 0.49575041534498965,
            "Q2": 0.647374352289353,
            "Q3": 0.71158088676594367,
            "Q4": 0.7590703861433975,
            "Q5": 0.8453328407104953
          }
        },
        "FEMALE": {
          "LOSS": {
            "Q1": 0.11759121192336584,
            "Q2": 0.30096410525327633,
            "Q3": 0.37739901691251676,
            "Q4": 0.451339735217734,
            "Q5": 0.61155297889082172
          },
          "PLEA": {
            "Q1": 0.51917342162808766,
            "Q2": 0.73126893859846576,
            "Q3": 0.7804399059168583,
            "Q4": 0.83221052109816918,
            "Q5": 0.95418542963145614
          }
        }
      },
      "FELONY": {
        "MALE": {
          "LOSS": {
            "Q1": 0.0,
            "Q2": 0.0,
            "Q3": 0.0,
            "Q4": 0.0,
            "Q5": 0.0
          },
          "PLEA": {
            "Q1": 0.0,
            "Q2": 0.0,
            "Q3": 0.0,
            "Q4": 0.0,
            "Q5": 0.0
          }
        },
        "FEMALE": {
          "LOSS": {
            "Q1": 0.0,
            "Q2": 0.0,
            "Q3": 0.0,
            "Q4": 0.0,
            "Q5": 0.0
          },
          "PLEA": {
            "Q1": 0.0,
            "Q2": 0.0,
            "Q3": 0.0,
            "Q4": 0.0,
            "Q5": 0.0
          }
        }
      }
    },
    "FAIRFAX COUNTY": {
      "MISDEMEANOR": {
        "MALE": {
          "LOSS": {
            "Q1": 0.13167621849376673,
            "Q2": 0.27256798533224924,
            "Q3": 0.34427902878873345,
            "Q4": 0.41578255122722785,
            "Q5": 0.63829736266945136
          },
          "PLEA": {
            "Q1": 0.42398564598312716,
            "Q2": 0.61864262150194316,
            "Q3": 0.69345206741551046,
            "Q4": 0.76041244837502675,
            "Q5": 0.87421109491147286
          }
        },
        "FEMALE": {
          "LOSS": {
            "Q1": 0.095386667944253323,
            "Q2": 0.29395405270126596,
            "Q3": 0.40588625441643594,
            "Q4": 0.50083187356635828,
            "Q5": 0.75035797570944907
          },
          "PLEA": {
            "Q1": 0.39608602432355872,
            "Q2": 0.66086200310063437,
            "Q3": 0.74261475337966842,
            "Q4": 0.81331831866992332,
            "Q5": 0.9487449452921437
          }
        }
      },
      "FELONY": {
        "MALE": {
          "LOSS": {
            "Q1": 0.12187527191724436,
            "Q2": 0.37683906436493358,
            "Q3": 0.48018330193695841,
            "Q4": 0.56731471292383762,
            "Q5": 0.80246205956687244
          },
          "PLEA": {
            "Q1": 0.34965714502066619,
            "Q2": 0.60344048554361585,
            "Q3": 0.69990964318144833,
            "Q4": 0.794516437230144,
            "Q5": 0.97925244695228875
          }
        },
        "FEMALE": {
          "LOSS": {
            "Q1": 0.01155234611695944,
            "Q2": 0.29525594238855657,
            "Q3": 0.46967798590788085,
            "Q4": 0.5898277674978335,
            "Q5": 0.88356826125600751
          },
          "PLEA": {
            "Q1": 0.2899207753082742,
            "Q2": 0.62593185988947586,
            "Q3": 0.77056698857094952,
            "Q4": 0.93769251575399692,
            "Q5": 1.0
          }
        }
      }
    },
    "FALLS CHURCH": {
      "MISDEMEANOR": {
        "MALE": {
          "LOSS": {
            "Q1": 0.17965465520813914,