{
  "analytics":
  [
    {
      "Crime": "M",
      "Gender": "M",
      "PD": 0.38684690907296859,
      "Q1": 0.17602502917251156,
      "Q2": 0.26131551480813653,
      "Q3": 0.32137774198099411,
      "Q4": 0.38055935968746368,
      "Q5": 0.48915942207522428
    },
    {
      "Crime": "M",
      "Gender": "F",
      "PD": 0.408433489509065,
      "Q1": 0.14117642937217478,
      "Q2": 0.26416563048799896,
      "Q3": 0.34969869857810376,
      "Q4": 0.41949679210414476,
      "Q5": 0.55008457827911161
    },
    {
      "Crime": "F",
      "Gender": "M",
      "PD": 0.46858084255118854,
      "Q1": 0.23575855065890106,
      "Q2": 0.42470876918312045,
      "Q3": 0.48702040692405157,
      "Q4": 0.53959810716514389,
      "Q5": 0.69588142332638081
    },
    {
      "Crime": "F",
      "Gender": "F",
      "PD": 0.483289124668435,
      "Q1": 0.081595114466918181,
      "Q2": 0.34860770702799704,
      "Q3": 0.45126988294306963,
      "Q4": 0.52243704057474316,
      "Q5": 0.71883413573829713
    }
  ]
}
